label_index_08B,class_id,sample_count_total,sample_count_train_original,sample_count_test_original,arabic_label,english_label,final_user_output,arabic_label_needs_fix
0,0001,148,124,24,0,0,0,False
1,0002,150,126,24,1,1,1,False
2,0003,150,126,24,2,2,2,False
3,0004,151,127,24,3,3,3,False
4,0005,183,152,31,4,4,4,False
5,0006,117,100,17,5,5,5,False
6,0007,150,126,24,6,6,6,False
7,0008,151,127,24,7,7,7,False
8,0009,150,126,24,8,8,8,False
9,0010,150,126,24,9,9,9,False
10,0011,150,126,24,10,10,10,False
11,0012,150,126,24,20,20,20,False
12,0013,150,126,24,30,30,30,False
13,0014,150,126,24,40,40,40,False
14,0015,150,126,24,50,50,50,False
15,0016,150,126,24,60,60,60,False
16,0017,150,126,24,70,70,70,False
17,0018,150,126,24,80,80,80,False
18,0019,150,126,24,90,90,90,False
19,0020,150,126,24,100,100,100,False
20,0021,150,126,24,200,200,200,False
21,0022,150,126,24,300,300,300,False
22,0023,150,126,24,400,400,400,False
23,0024,150,126,24,500,500,500,False
24,0025,152,128,24,600,600,600,False
25,0026,153,129,24,700,700,700,False
26,0027,200,168,32,800,800,800,False
27,0028,151,127,24,900,900,900,False
28,0029,155,130,25,1000,1000,1000,False
29,0030,146,123,23,1000000,1000000,1000000,False
30,0031,150,126,24,10000000,10000000,10000000,False
31,0032,149,125,24,ا,alif,ا,False
32,0033,152,128,24,ب,baa,ب,False
33,0034,150,126,24,ت,ta,ت,False
34,0035,150,126,24,ث,tha,ث,False
35,0036,158,132,26,ج,Jiim,ج,False
36,0037,149,127,22,ح,Haa,ح,False
37,0038,150,126,24,خ,kha,خ,False
38,0039,150,126,24,د,daal,د,False
39,0040,150,126,24,ذ,thal,ذ,False
40,0041,150,126,24,ر,raa,ر,False
41,0042,150,126,24,ز,zay,ز,False
42,0043,150,126,24,س,siin,س,False
43,0044,150,126,24,ش,shiin,ش,False
44,0045,150,126,24,ص,Saad,ص,False
45,0046,150,126,24,ض,Daad,ض,False
46,0047,151,127,24,ط,Taa,ط,False
47,0048,150,126,24,ظ,Zaa,ظ,False
48,0049,150,126,24,ع,Ayn,ع,False
49,0050,150,126,24,غ,ghayn,غ,False
50,0051,150,126,24,ف,faa,ف,False
51,0052,150,126,24,ق,qaaf,ق,False
52,0053,150,126,24,ك,kaaf,ك,False
53,0054,151,127,24,ل,laam,ل,False
54,0055,151,127,24,م,miim,م,False
55,0056,150,126,24,ن,noon,ن,False
56,0057,150,126,24,ه,haa,ه,False
57,0058,150,126,24,و,waaw,و,False
58,0059,160,136,24,ي,yaa,ي,False
59,0060,150,126,24,ة,taa marbuuTa,ة,False
60,0061,150,126,24,أ,alif with hamza above,أ,False
61,0062,150,126,24,ؤ,Waaw with hamza,ؤ,False
62,0063,150,126,24,ئ,Alif maqsoura with hamza,ئ,False
63,0064,150,126,24,ئـ,hamza on line,ئـ,False
64,0065,152,128,24,ء,hamza,ء,False
65,0066,152,128,24,إ,alif with hamza below,إ,False
66,0067,150,126,24,آ,ALif with maad,آ,False
67,0068,150,126,24,ى,Alif maqsoura,ى,False
68,0069,150,126,24,لا,laam Alif,لا,False
69,0070,150,126,24,ال,Al,ال,False
70,0071,150,126,24,هيكل عظمي,Skeleton,هيكل عظمي,False
71,0072,150,126,24,جمجة,skull,جمجة,False
72,0073,153,129,24,عمود فقري,Backbone,عمود فقري,False
73,0074,150,126,24,قفص صدري,Chest,قفص صدري,False
74,0075,150,126,24,جهاز تنفسي,Respiratory device,جهاز تنفسي,False
75,0076,150,126,24,قصبة هوائية,Trachea,قصبة هوائية,False
76,0077,150,126,24,رئتان,lungs,رئتان,False
77,0078,150,126,24,شهيق - زفير,Ins and Outs,شهيق - زفير,False
78,0079,150,126,24,جهاز هضمي,digestive system,جهاز هضمي,False
79,0080,150,126,24,وجه,Face,وجه,False
80,0081,150,126,24,بلعوم,pharynx,بلعوم,False
81,0082,150,126,24,كبد,liver,كبد,False
82,0083,153,129,24,البنكرياس,pancreas,البنكرياس,False
83,0084,150,126,24,الأمعاء الدقيقة,Small intestine,الأمعاء الدقيقة,False
84,0085,150,126,24,الأمعاء الغليظة,Large intestine,الأمعاء الغليظة,False
85,0086,150,126,24,الزائدة الدودية,Appendix,الزائدة الدودية,False
86,0087,150,126,24,جهاز عصبي,nervous system,جهاز عصبي,False
87,0088,151,127,24,قلب,heart,قلب,False
88,0089,151,127,24,حواس خمس,five senses,حواس خمس,False
89,0090,151,127,24,عضلة,muscle,عضلة,False
90,0091,151,127,24,أنسجة,tissue,أنسجة,False
91,0092,150,126,24,مستشفى,hospital,مستشفى,False
92,0093,150,126,24,إسعافات أولية,first aid,إسعافات أولية,False
93,0094,151,127,24,جرح نازف,wound,جرح نازف,False
94,0095,150,126,24,حروق,burning,حروق,False
95,0096,150,126,24,مخدر/ بنج,anesthetist,مخدر/ بنج,False
96,0097,154,130,24,عملية جراحية,surgery,عملية جراحية,False
97,0098,150,126,24,شاش / ضمادة,gauze,شاش / ضمادة,False
98,0099,150,126,24,شريط لاصق / بلاستر,adhesive tape,شريط لاصق / بلاستر,False
99,0100,150,126,24,صيدلية,pharmacy,صيدلية,False
100,0101,150,126,24,تحليل دم,blood analysis,تحليل دم,False
101,0102,152,128,24,فحص سريري,physical examination,فحص سريري,False
102,0103,150,126,24,فحص النظر,sight examination,فحص النظر,False
103,0104,159,132,27,ميزان حرارة,thermometer,ميزان حرارة,False
104,0105,145,124,21,سماعة أذن,stethoscope,سماعة أذن,False
105,0106,153,129,24,جهاز قياس الضغط,sphygmometroscope,جهاز قياس الضغط,False
106,0107,150,126,24,نبض القلب,pulse,نبض القلب,False
107,0108,150,126,24,تحليل طبي,analysis,تحليل طبي,False
108,0109,150,126,24,معمل التحاليل / مختبر,analysis laboratory,معمل التحاليل / مختبر,False
109,0110,151,127,24,صورة اشعة,ray photo,صورة اشعة,False
110,0111,150,126,24,التهاب,inflammation,التهاب,False
111,0112,150,126,24,تورم,swelling,تورم,False
112,0113,150,126,24,زكام,cold,زكام,False
113,0114,150,126,24,عدوى,infection,عدوى,False
114,0115,151,127,24,صداع,headache,صداع,False
115,0116,150,126,24,ألم,pain,ألم,False
116,0117,150,126,24,حمى,fever,حمى,False
117,0118,150,126,24,إسهال,diarrhea,إسهال,False
118,0119,150,126,24,إمساك,constipation,إمساك,False
119,0120,150,126,24,مغص,colic,مغص,False
120,0121,153,129,24,مرض السكر / سكري,diabetes,مرض السكر / سكري,False
121,0122,151,127,24,أزمة قلبية,heart attack,أزمة قلبية,False
122,0123,153,129,24,سرطان,cancer,سرطان,False
123,0124,152,128,24,مرض فقدان المناعة / الإيدز,Aids,مرض فقدان المناعة / الإيدز,False
124,0125,152,128,24,تساقط الشعر,Loss of hair,تساقط الشعر,False
125,0126,153,129,24,سكتة قلبية,Heart failure,سكتة قلبية,False
126,0127,153,129,24,شلل نصفي,hemiplegia,شلل نصفي,False
127,0128,154,130,24,شلل دماغي,Cerebral paralysis,شلل دماغي,False
128,0129,152,128,24,ضغط الدم,blood pressure,ضغط الدم,False
129,0130,153,129,24,حساسية,allergy,حساسية,False
130,0131,151,127,24,حكة / هرش,itch,حكة / هرش,False
131,0132,153,129,24,دواء,medicine,دواء,False
132,0133,152,128,24,دورة شهرية,monthly circulation,دورة شهرية,False
133,0134,151,127,24,مريض / مرض,sick,مريض / مرض,False
134,0135,152,128,24,كبسولة,capsule,كبسولة,False
135,0136,152,128,24,دواء شراب,liquid medicine,دواء شراب,False
136,0137,153,129,24,مرهم,ointment,مرهم,False
137,0138,152,128,24,قطارة,dropper,قطارة,False
138,0139,152,128,24,أخذ إبرة,acupuncture,أخذ إبرة,False
139,0140,154,130,24,تلقيح,pollination,تلقيح,False
140,0141,150,126,24,تطعيم,inoculation,تطعيم,False
141,0142,153,129,24,أشعة ليزر,laser ray,أشعة ليزر,False
142,0143,153,129,24,مخدرات,drug's,مخدرات,False
143,0144,153,129,24,إدمان,addiction,إدمان,False
144,0145,153,129,24,توحد / أوتيزم,oneness,توحد / أوتيزم,False
145,0146,152,128,24,منغولي,mongoloid,منغولي,False
146,0147,153,129,24,بكتريا,bacterium,بكتريا,False
147,0148,153,129,24,جرثومة,microbe,جرثومة,False
148,0149,154,130,24,فيروس,virus,فيروس,False
149,0150,152,128,24,إنتشار,spread,إنتشار,False
150,0151,153,129,24,إعاقة,hindrance,إعاقة,False
151,0152,152,128,24,إعاقة ذهنية,mentality hindrance,إعاقة ذهنية,False
152,0153,152,128,24,اعاقة جسدية,physical disability,اعاقة جسدية,False
153,0154,153,129,24,اعاقة بصرية,visual impairment,اعاقة بصرية,False
154,0155,153,129,24,إعاقة سمعية,hearing hindrance,إعاقة سمعية,False
155,0156,154,130,24,وباء,epidemic,وباء,False
156,0157,153,129,24,مناعة,immunity,مناعة,False
157,0158,153,129,24,عصب,nerve,عصب,False
158,0159,153,129,24,معافى,healthy,معافى,False
159,0160,152,128,24,يأكل,eat,يأكل,False
160,0161,152,128,24,يشرب,drink,يشرب,False
161,0162,151,127,24,ينام,sleep,ينام,False
162,0163,125,101,24,يستيقظ,wake up,يستيقظ,False
163,0164,151,127,24,يسمع,hear,يسمع,False
164,0165,151,127,24,يسكت,silence,يسكت,False
165,0166,152,128,24,يشم,inhale,يشم,False
166,0167,151,127,24,يصعد,rise,يصعد,False
167,0168,151,127,24,ينزل,descend,ينزل,False
168,0169,151,127,24,يفتح,open,يفتح,False
169,0170,155,131,24,يقفل ( يغلق ),close,يقفل ( يغلق ),False
170,0171,156,132,24,يبني,build,يبني,False
171,0172,151,127,24,يكسر,break,يكسر,False
172,0173,150,126,24,يمشي,walk,يمشي,False
173,0174,151,127,24,يحب,love,يحب,False
174,0175,124,100,24,يكره,hate,يكره,False
175,0176,151,127,24,يشوي,grill,يشوي,False
176,0177,152,128,24,يحرث,plow,يحرث,False
177,0178,151,127,24,يزرع,plant,يزرع,False
178,0179,150,126,24,يسقي,irrigate,يسقي,False
179,0180,150,126,24,يحصد,harvest,يحصد,False
180,0181,153,129,24,يفكر,think,يفكر,False
181,0182,151,127,24,يساعد,help,يساعد,False
182,0183,152,128,24,يدخن,smoke,يدخن,False
183,0184,125,101,24,يدعم,support,يدعم,False
184,0185,152,128,24,يختار,choose,يختار,False
185,0186,150,126,24,ينادي,call,ينادي,False
186,0187,150,126,24,يتنامى,grow,يتنامى,False
187,0188,152,128,24,يصبغ,dye,يصبغ,False
188,0189,153,129,24,يقف,stand,يقف,False
189,0190,150,126,24,يستحم,bathe,يستحم,False
190,0191,151,127,24,يدخل,enter,يدخل,False
191,0192,152,128,24,أسرة,family,أسرة,False
192,0193,149,125,24,جدة,grandmother,جدة,False
193,0194,150,126,24,جد,grandfather,جد,False
194,0195,150,126,24,أب,father,أب,False
195,0196,151,127,24,أم,mother,أم,False
196,0197,150,126,24,أخت,sister,أخت,False
197,0198,151,127,24,أخ,brother,أخ,False
198,0199,150,126,24,بنت,girl,بنت,False
199,0200,150,126,24,رضيع,baby,رضيع,False
200,0201,150,126,24,توأم,twin,توأم,False
201,0202,150,126,24,رجل,man,رجل,False
202,0203,150,126,24,شاب,young man,شاب,False
203,0204,153,129,24,شابة,young woman,شابة,False
204,0205,150,126,24,حفيد,grandchild,حفيد,False
205,0206,150,126,24,زواج,wedding,زواج,False
206,0207,150,126,24,حمل,pregnant,حمل,False
207,0208,150,126,24,ولادة,childbirth,ولادة,False
208,0209,151,127,24,عم,uncle,عم,False
209,0210,150,126,24,عمة,aunt,عمة,False
210,0211,150,126,24,خال,maternal uncle,خال,False
211,0212,150,126,24,خالة,maternal aunt,خالة,False
212,0213,150,126,24,ابن الأخ,nephew,ابن الأخ,False
213,0214,150,126,24,ابن الأخت,nephew,ابن الأخت,False
214,0215,153,129,24,ابن العم,cousin,ابن العم,False
215,0216,151,127,24,ابن,son,ابن,False
216,0217,151,127,24,ابنة,daughter,ابنة,False
217,0218,150,126,24,ناس,people,ناس,False
218,0219,150,126,24,طلاق,divorce,طلاق,False
219,0220,150,126,24,خطوبة,engagement,خطوبة,False
220,0221,152,128,24,حفلة,party,حفلة,False
221,0222,150,126,24,وفاة,death,وفاة,False
222,0223,151,127,24,طفل,child,طفل,False
223,0224,150,126,24,جميل,beautiful,جميل,False
224,0225,150,126,24,قبيح,ugly,قبيح,False
225,0226,150,126,24,طويل,long,طويل,False
226,0227,150,126,24,قصير,short,قصير,False
227,0228,150,126,24,نحيف,thin,نحيف,False
228,0229,150,126,24,سمين,fat,سمين,False
229,0230,151,127,24,غني,rich,غني,False
230,0231,150,126,24,فقير,poor,فقير,False
231,0232,150,126,24,محبط,offended,محبط,False
232,0233,150,126,24,مشمئز,disgusted,مشمئز,False
233,0234,151,127,24,مرتبك,confused,مرتبك,False
234,0235,149,125,24,قلق,worried,قلق,False
235,0236,149,125,24,مشوش,deranged,مشوش,False
236,0237,151,127,24,خائف,afraid,خائف,False
237,0238,150,126,24,سعيد (مسرور),happy,سعيد (مسرور),False
238,0239,150,126,24,حزين,sad,حزين,False
239,0240,159,135,24,شجاع,courageous,شجاع,False
240,0241,149,125,24,جبان,coward,جبان,False
241,0242,151,127,24,طموح,ambitious,طموح,False
242,0243,156,132,24,معجب,admirable,معجب,False
243,0244,150,126,24,غائر من,to be jealous of,غائر من,False
244,0245,149,125,24,غائر على,to protect jealously,غائر على,False
245,0246,152,128,24,ودود,affectionate,ودود,False
246,0247,149,125,24,كريم,generous,كريم,False
247,0248,150,126,24,بخيل,miserly,بخيل,False
248,0249,152,128,24,طماع,greedy,طماع,False
249,0250,150,126,24,كذاب,liar,كذاب,False
250,0251,152,128,24,أناني,selfish,أناني,False
251,0252,153,129,24,متكبر,proud,متكبر,False
252,0253,150,126,24,متواضع,humble,متواضع,False
253,0254,150,126,24,شعور,feeling,شعور,False
254,0255,151,127,24,تعب,tired,تعب,False
255,0256,150,126,24,بكاء,crying,بكاء,False
256,0257,151,127,24,احتقار,contempt,احتقار,False
257,0258,150,126,24,اعتماد على الذات,self-dependence,اعتماد على الذات,False
258,0259,151,127,24,خفيف,light,خفيف,False
259,0260,150,126,24,ثقيل,heavy,ثقيل,False
260,0261,150,126,24,قديم,old,قديم,False
261,0262,151,127,24,حسد,envy,حسد,False
262,0263,150,126,24,صدق,believe,صدق,False
263,0264,150,126,24,غدر,betrayal,غدر,False
264,0265,151,127,24,صبر,patient,صبر,False
265,0266,152,128,24,لوم,blame,لوم,False
266,0267,150,126,24,الحق,truth,الحق,False
267,0268,150,126,24,خيانة,treason,خيانة,False
268,0269,152,128,24,إيثار,preference,إيثار,False
269,0270,151,127,24,تضحية,self sacrifice,تضحية,False
270,0271,151,127,24,شفقة,pity,شفقة,False
271,0272,150,126,24,ذكي,intelligent,ذكي,False
272,0273,150,126,24,أمام,in front of,أمام,False
273,0274,150,126,24,بجانب,side,بجانب,False
274,0275,149,125,24,بعيد,far,بعيد,False
275,0276,152,128,24,بين,between,بين,False
276,0277,150,126,24,تحت,under,تحت,False
277,0278,148,124,24,حول,around,حول,False
278,0279,150,126,24,خارج,outside,خارج,False
279,0280,149,125,24,خلف,back,خلف,False
280,0281,150,126,24,داخل,inside,داخل,False
281,0282,151,127,24,فوق,up,فوق,False
282,0283,151,127,24,قريب,near,قريب,False
283,0284,152,128,24,من خلال,through,من خلال,False
284,0285,150,126,24,هنا,here,هنا,False
285,0286,150,126,24,هناك,there,هناك,False
286,0287,152,128,24,يسار,left,يسار,False
287,0288,151,127,24,يمين,right,يمين,False
288,0289,150,126,24,أهلا وسهلاً,welcome,أهلا وسهلاً,False
289,0290,152,128,24,السلام عليكم,greeting,السلام عليكم,False
290,0291,151,127,24,تفضل,here you are,تفضل,False
291,0292,150,126,24,جار,neighbor,جار,False
292,0293,150,126,24,شكراً,thanks,شكراً,False
293,0294,150,126,24,صديق,friend,صديق,False
294,0295,151,127,24,ضيف,guest,ضيف,False
295,0296,152,128,24,عدو,enemy,عدو,False
296,0297,150,126,24,عيب,fault,عيب,False
297,0298,150,126,24,هدية,gift,هدية,False
298,0299,151,127,24,بيت,house,بيت,False
299,0300,151,127,24,جدار,wall,جدار,False
300,0301,151,127,24,سقف,roof,سقف,False
301,0302,150,126,24,باب,door,باب,False
302,0303,152,128,24,شباك,window,شباك,False
303,0304,149,125,24,غرفة,room,غرفة,False
304,0305,153,129,24,غرفة نوم,bedroom,غرفة نوم,False
305,0306,151,127,24,سرير,bed,سرير,False
306,0307,151,127,24,مرتبة سرير ( حشية),mattress,مرتبة سرير ( حشية),False
307,0308,150,126,24,شرشف ( غطاء سرير),bedsheet,شرشف ( غطاء سرير),False
308,0309,150,126,24,وسادة ( مخدة),pillow,وسادة ( مخدة),False
309,0310,150,126,24,شماعة ( مشجب),clothes rail,شماعة ( مشجب),False
310,0311,151,127,24,خزانة ملابس,wardrobe,خزانة ملابس,False
311,0312,151,127,24,مطبخ,kitchen,مطبخ,False
312,0313,151,127,24,فرن غازي,Oven,فرن غازي,False
313,0314,150,126,24,بوتاغاز (طابخ),cooker,بوتاغاز (طابخ),False
314,0315,150,126,24,طبق ( صحن),dish,طبق ( صحن),False
315,0316,150,126,24,سكين,knife,سكين,False
316,0317,150,126,24,شوكة,fork,شوكة,False
317,0318,150,126,24,ملعقة,spoon,ملعقة,False
318,0319,150,126,24,فنجان,cupful,فنجان,False
319,0320,149,125,24,مجمد (فريزر),freezer,مجمد (فريزر),False
320,0321,150,126,24,كأس ( كوب),cup,كأس ( كوب),False
321,0322,150,126,24,حافظ حرارة ( ترمس),thermos,حافظ حرارة ( ترمس),False
322,0323,154,130,24,غرفة طعام,food room,غرفة طعام,False
323,0324,150,126,24,إبريق,pitcher,إبريق,False
324,0325,150,126,24,طاولة,table,طاولة,False
325,0326,150,126,24,كنكة ( دلة),dalah,كنكة ( دلة),False
326,0327,151,127,24,دورة مياه (حمام),bathroom,دورة مياه (حمام),False
327,0328,154,130,24,كرسي,chair,كرسي,False
328,0329,149,125,24,غسالة,washing machine,غسالة,False
329,0330,152,128,24,منشفة,towel carpet,منشفة,False
330,0331,151,127,24,سجادة (زربية),carpet,سجادة (زربية),False
331,0332,150,126,24,موكيت ( فرش أرضي) moquette,moquette,موكيت ( فرش أرضي) moquette,False
332,0333,150,126,24,ثريا (نجفة),chandelier,ثريا (نجفة),False
333,0334,150,126,24,مسجل,cassette,مسجل,False
334,0335,151,127,24,شريط كاست,cassette tape,شريط كاست,False
335,0336,149,125,24,تلفزيون (تلفاز),television,تلفزيون (تلفاز),False
336,0337,149,125,24,طبق هوائي (دش),satellite,طبق هوائي (دش),False
337,0338,149,125,24,شريط فيديو,video tape,شريط فيديو,False
338,0339,150,126,24,كاميرا فيديو,video camera,كاميرا فيديو,False
339,0340,150,126,24,كاميرا فوتوغرافية,photo camera,كاميرا فوتوغرافية,False
340,0341,150,126,24,هاتف ( تلفون),telephone,هاتف ( تلفون),False
341,0342,150,126,24,غرفة ضيوف,guests room,غرفة ضيوف,False
342,0343,150,126,24,فيديو,video,فيديو,False
343,0344,150,126,24,مبخرة,censer,مبخرة,False
344,0345,150,126,24,مدفأة,heater,مدفأة,False
345,0346,150,126,24,مفتاح,key,مفتاح,False
346,0347,150,126,24,مروحة,fan,مروحة,False
347,0348,125,101,24,تدفئة مركزية,central heater,تدفئة مركزية,False
348,0349,150,126,24,كهرباء,electrics,كهرباء,False
349,0350,150,126,24,مكيف,air conditioner,مكيف,False
350,0351,150,126,24,سلك كهربائي,wire,سلك كهربائي,False
351,0352,150,126,24,قابس كهربائي ( فيش),plug,قابس كهربائي ( فيش),False
352,0353,151,127,24,حقيبة سفر,bag,حقيبة سفر,False
353,0354,150,126,24,مكواة,iron,مكواة,False
354,0355,150,126,24,ميزان حرارة جوي,thermometer,ميزان حرارة جوي,False
355,0356,151,127,24,الله تعالى,God,الله تعالى,False
356,0357,149,125,24,محمد رسول الله,Muhammad is the Messenger of Allah,محمد رسول الله,False
357,0358,150,126,24,عيسى المسيح,Essa Christ,عيسى المسيح,False
358,0359,150,126,24,القرآن الكريم,The Holy Quran,القرآن الكريم,False
359,0360,150,126,24,الخلفاء الراشدون,Rightly Guided Caliphs,الخلفاء الراشدون,False
360,0361,149,125,24,السنة النبوية,Sunnah,السنة النبوية,False
361,0362,150,126,24,أركان الإسلام,Pillars of Islam,أركان الإسلام,False
362,0363,125,101,24,أركان الإيمان,Pillars of Faith,أركان الإيمان,False
363,0364,125,101,24,الشهادتين,The two certificates,الشهادتين,False
364,0365,150,126,24,يصلي / الصلاة,pray,يصلي / الصلاة,False
365,0366,150,126,24,الزكاة,zakat,الزكاة,False
366,0367,153,129,24,الصوم,Fasting,الصوم,False
367,0368,150,126,24,العمرة,Umrah,العمرة,False
368,0369,150,126,24,الحج,Pilgrimage,الحج,False
369,0370,150,126,24,ملائكة,Angels,ملائكة,False
370,0371,150,126,24,رسول,messenger,رسول,False
371,0372,150,126,24,يوم القيامة,Doomsday,يوم القيامة,False
372,0373,150,126,24,القضاء والقدر,Fate and destiny,القضاء والقدر,False
373,0374,150,126,24,أركان الصلاة,Pillars of prayer,أركان الصلاة,False
374,0375,157,133,24,خير,Good,خير,False
375,0376,151,127,24,النية,Intention,النية,False
376,0377,150,126,24,شر,Evil,شر,False
377,0378,150,126,24,طهارة,purity,طهارة,False
378,0379,149,125,24,مبطلات الصلاة,Prayer invalidators,مبطلات الصلاة,False
379,0380,150,126,24,تيمم,tayammum,تيمم,False
380,0381,150,126,24,يتوضأ / وضوء,ablution,يتوضأ / وضوء,False
381,0382,150,126,24,يؤذن,authorized,يؤذن,False
382,0383,150,126,24,مسح على الخفين,Wipe on the slippers,مسح على الخفين,False
383,0384,150,126,24,صلاة الفجر,Al-fajr prayer,صلاة الفجر,False
384,0385,150,126,24,صلاة الظهر,Salat Aduher,صلاة الظهر,False
385,0386,151,127,24,صلاة العصر,Asr prayer,صلاة العصر,False
386,0387,126,107,19,صلاة المغرب,Maghreb's prayer,صلاة المغرب,False
387,0388,125,106,19,صلاة العشاء,eshaa pray,صلاة العشاء,False
388,0389,150,126,24,خطبة,speech,خطبة,False
389,0390,150,126,24,خطبة الجمعة,Friday sermon,خطبة الجمعة,False
390,0391,154,130,24,خطيب,Fiance,خطيب,False
391,0392,150,126,24,خطبة العيد,Eid sermon,خطبة العيد,False
392,0393,151,127,24,مسجد,Mosque,مسجد,False
393,0394,150,126,24,سورة,surah,سورة,False
394,0395,150,126,24,إمام,Before,إمام,False
395,0396,150,126,24,سورة الفاتحة,Al-Fatihah,سورة الفاتحة,False
396,0397,150,126,24,آية,any,آية,False
397,0398,150,126,24,ليلة القدر,Night of Power,ليلة القدر,False
398,0399,150,126,24,عيد,Feast,عيد,False
399,0400,150,126,24,عيد الفطر,Eid al-Fitr,عيد الفطر,False
400,0401,149,125,24,عيد الأضحى,Eid al-Adha,عيد الأضحى,False
401,0402,151,127,24,إحرام,Ihram,إحرام,False
402,0403,150,126,24,مكة,Mecca,مكة,False
403,0404,150,126,24,الكعبة,Kaaba,الكعبة,False
404,0405,150,126,24,المدينة المنورة,Medina,المدينة المنورة,False
405,0406,150,126,24,منى,Mona,منى,False
406,0407,151,127,24,جبل عرفات,Arafat Mountain,جبل عرفات,False
407,0408,150,126,24,الصفا والمروة,Safa and Marwa,الصفا والمروة,False
408,0409,151,127,24,مزدلفة,Muzdalifah,مزدلفة,False
409,0410,150,126,24,رمي الجمرات,Throwing pebbles,رمي الجمرات,False
410,0411,150,126,24,طواف,circumambulation,طواف,False
411,0412,150,126,24,ماء زمزم,Zamzam water,ماء زمزم,False
412,0413,150,126,24,الأضحية,the sacrifice,الأضحية,False
413,0414,149,125,24,فك الإحرام,break the ihram,فك الإحرام,False
414,0415,150,126,24,طواف الوداع,farewell circumambulation,طواف الوداع,False
415,0416,150,126,24,المسجد الأقصى,Al-Aqsa Mosque,المسجد الأقصى,False
416,0417,151,127,24,يسبح,swim,يسبح,False
417,0418,150,126,24,الحمد لله,Thank God,الحمد لله,False
418,0419,153,129,24,سبحان الله,How great is our God,سبحان الله,False
419,0420,149,125,24,إيمان,Faith,إيمان,False
420,0421,150,126,24,الشرك بالله,Polytheism,الشرك بالله,False
421,0422,148,124,24,أعوذ بالله,I seek refuge in God,أعوذ بالله,False
422,0423,150,126,24,شيطان,Satan,شيطان,False
423,0424,152,128,24,جن,genie,جن,False
424,0425,151,127,24,الضالون,the lost,الضالون,False
425,0426,150,126,24,المغضوب عليهم,angered them,المغضوب عليهم,False
426,0427,157,133,24,صنم,fetish,صنم,False
427,0428,150,126,24,زنى,fornication,زنى,False
428,0429,150,126,24,الجنة,the Paradise,الجنة,False
429,0430,149,125,24,النار,fire,النار,False
430,0431,152,128,24,روح,spirit,روح,False
431,0432,151,127,24,حقوق,rights,حقوق,False
432,0433,149,125,24,واجبات,Duties,واجبات,False
433,0434,150,126,24,حسنات,Deeds,حسنات,False
434,0435,151,127,24,سيئات,sins,سيئات,False
435,0436,148,124,24,حلال,halal,حلال,False
436,0437,150,126,24,حرام,forbidden,حرام,False
437,0438,150,126,24,مغفرة,forgiveness,مغفرة,False
438,0439,150,126,24,دين,religion,دين,False
439,0440,151,127,24,مسيحي,Christian,مسيحي,False
440,0441,151,127,24,يهودي,Jewish,يهودي,False
441,0442,151,127,24,كنيسة,church,كنيسة,False
442,0443,150,126,24,إسراء ومعراج,Isra and Miraj,إسراء ومعراج,False
443,0444,150,126,24,حواء,Eve,حواء,False
444,0445,148,124,24,آدم,Adam,آدم,False
445,0446,149,125,24,صدقة,charity,صدقة,False
446,0447,148,124,24,نبي,Prophet,نبي,False
447,0448,149,125,24,هداية,guidance,هداية,False
448,0449,149,125,24,أمانة,honesty,أمانة,False
449,0450,151,127,24,شهيد,martyr,شهيد,False
450,0451,150,126,24,حقوق الوالدين,Parental rights,حقوق الوالدين,False
451,0452,150,126,24,عقوق الوالدين,Disobedience to parents,عقوق الوالدين,False
452,0453,152,128,24,مسلم,Muslim,مسلم,False
453,0454,151,127,24,رحمة,Mercy,رحمة,False
454,0455,150,126,24,عيد رأس السنة,New Year's Holiday,عيد رأس السنة,False
455,0456,149,125,24,فروض,homework,فروض,False
456,0457,153,129,24,قبة الصخرة,Dome of the Rock,قبة الصخرة,False
457,0458,152,128,24,خلق,Create,خلق,False
458,0459,151,127,24,مهندس,engineer,مهندس,False
459,0460,152,128,24,مصور فوتوغرافي,photographer,مصور فوتوغرافي,False
460,0461,152,128,24,جزار / قصاب,Meat man,جزار / قصاب,False
461,0462,151,127,24,سائق,driver,سائق,False
462,0463,150,126,24,صائغ,jeweler,صائغ,False
463,0464,151,127,24,خادم,servant,خادم,False
464,0465,151,127,24,رئيس قسم,chairman,رئيس قسم,False
465,0466,151,127,24,حداد,blacksmith,حداد,False
466,0467,151,127,24,لحام كهربائي,weld,لحام كهربائي,False
467,0468,150,126,24,مترجم لغة الإشارة,Sign language translator,مترجم لغة الإشارة,False
468,0469,151,127,24,مذيع,announcer,مذيع,False
469,0470,151,127,24,مترجم لغات,translator,مترجم لغات,False
470,0471,151,127,24,مدير,manager,مدير,False
471,0472,150,126,24,سفير,ambassador,سفير,False
472,0473,152,128,24,وزير,minister,وزير,False
473,0474,151,127,24,ملك / سلطان,King,ملك / سلطان,False
474,0475,151,127,24,أمير البلاد / رئيس الجمهورية,Premier Minister,أمير البلاد / رئيس الجمهورية,False
475,0476,151,127,24,شيخ,sheikh,شيخ,False
476,0477,150,126,24,محافظ / وال,governor,محافظ / وال,False
477,0478,152,128,24,ولي عهد / وكيل وزارة,under secretary of state,ولي عهد / وكيل وزارة,False
478,0479,152,128,24,رئيس مجلس الشعب (النواب),speaker,رئيس مجلس الشعب (النواب),False
479,0480,153,129,24,أمين عام,general secretary,أمين عام,False
480,0481,151,127,24,صحفي,journalist,صحفي,False
481,0482,150,126,24,رسام,draftsman,رسام,False
482,0483,149,125,24,خياط / تارزي,tailor,خياط / تارزي,False
483,0484,151,127,24,ضابط,policeman,ضابط,False
484,0485,150,126,24,طيار,pilot,طيار,False
485,0486,151,127,24,جندي,soldier,جندي,False
486,0487,151,127,24,حلاق,barber,حلاق,False
487,0488,151,127,24,صباغ,dyer,صباغ,False
488,0489,151,127,24,رجل إطفاء / دفاع مدني,fireman,رجل إطفاء / دفاع مدني,False
489,0490,151,127,24,نجار,carpenter,نجار,False
490,0491,151,127,24,معلم / مدرس,teacher,معلم / مدرس,False
491,0492,152,128,24,طباخ,chef,طباخ,False
492,0493,151,127,24,فلاح,farmer,فلاح,False
493,0494,151,127,24,موظف,agent,موظف,False
494,0495,148,124,24,أمين صندوق,treasurer,أمين صندوق,False
495,0496,150,126,24,صيدلي,pharmacist,صيدلي,False
496,0497,151,127,24,طبيب,doctor,طبيب,False
497,0498,150,126,24,ممرضة,nurse,ممرضة,False
498,0499,168,144,24,ممرض,orderly,ممرض,False
499,0500,147,123,24,محام,lawyer,محام,False
500,0501,149,125,24,انتقال,traveling,انتقال,False
501,0502,150,126,24,تعيين,appointment,تعيين,False
